Workbook

Sheet README
A1: V5 Logistics – Transit-Time Analysis Workbook
A2: Bhiwandi–Kolhapur Mini-Hub Assessment | Prepared by Sambhav, Part-time Intern | Route validation date: 23 October 2026
A4: Colour legend: BLUE text on light-blue fill = source input (hours and minutes entered as recorded). BLACK text on grey fill = calculated by formula. YELLOW = analyst-selected scenario assumption.
A5: Sheets: Primary_Routes | Secondary_Routes | Aggregates | Scenarios | Data_Notes.
A6: All times are Google Maps estimated driving times from V5 route notes. They are NOT actual shipment transit times, NOT volume-weighted, and NOT end-to-end lead times.
A7: Aggregates sum route estimates with equal weight per comparison; the primary and secondary comparisons are different network legs and are not one shipment journey.
A8: Approximate (~) flags are preserved from the source. Time-saved and reduction cells are formulas and update if inputs change.
A9: Audit finding: the briefing totals for the secondary and combined aggregates (56h 05m / 20h 32m; 63.32%; 48.20%) do not reconcile to the route table. Correct sums are shown here; see Data_Notes.
A10: No financial, volume or freight-cost data are included; those were outside the scope of this analysis.

Sheet Primary_Routes
A1: Primary routes – calculations
A2: Blue = source input (h, m). Grey = formula. Percentage reduction = time saved ÷ Bhiwandi time.
A4: Origin | B4: Existing route | C4: Bhiwandi h | D4: Bhiwandi m | E4: Proposed route | F4: Kolhapur h | G4: Kolhapur m | H4: Bhiwandi (min) | I4: Kolhapur (min) | J4: Time saved (min) | K4: Time saved (h m) | L4: Reduction (%) | M4: Preferred hub | N4: Data note
A5: Goa | B5: Goa–Bhiwandi | C5: 11 | D5: 40 | E5: Goa–Kolhapur | F5: 5 | G5: 5 | H5: =C5*60+D5 -> 700 | I5: =F5*60+G5 -> 305 | J5: =H5-I5 -> 395 | K5: =INT(J5/60)&"h "&TEXT(MOD(J5,60),"00")&"m" -> 6h 35m | L5: =J5/H5 -> 0.56428571 | M5: =IF(J5>0,"Kolhapur","Bhiwandi") -> Kolhapur | N5: Source recorded; Kolhapur time marked ~ in source report
A6: Bengaluru | B6: Bengaluru–Bhiwandi | C6: 18 | D6: 15 | E6: Bengaluru–Kolhapur | F6: 10 | G6: 40 | H6: =C6*60+D6 -> 1095 | I6: =F6*60+G6 -> 640 | J6: =H6-I6 -> 455 | K6: =INT(J6/60)&"h "&TEXT(MOD(J6,60),"00")&"m" -> 7h 35m | L6: =J6/H6 -> 0.41552511 | M6: =IF(J6>0,"Kolhapur","Bhiwandi") -> Kolhapur | N6: Source recorded; Kolhapur time marked ~ (provisional) in source report
A7: Chennai | B7: Chennai–Bhiwandi | C7: 22 | D7: 59 | E7: Chennai–Kolhapur | F7: 20 | G7: 9 | H7: =C7*60+D7 -> 1379 | I7: =F7*60+G7 -> 1209 | J7: =H7-I7 -> 170 | K7: =INT(J7/60)&"h "&TEXT(MOD(J7,60),"00")&"m" -> 2h 50m | L7: =J7/H7 -> 0.12327774 | M7: =IF(J7>0,"Kolhapur","Bhiwandi") -> Kolhapur | N7: Source marks Chennai–Kolhapur time provisional; online check indicated ~13.7–17h. Retained per working values; re-verify.
A8: Total (3 comparisons) | H8: =SUM(H5:H7) -> 3174 | I8: =SUM(I5:I7) -> 2154 | J8: =SUM(J5:J7) -> 1020 | K8: =INT(J8/60)&"h "&TEXT(MOD(J8,60),"00")&"m" -> 17h 00m | L8: =J8/H8 -> 0.32136106

Sheet Secondary_Routes
A1: Secondary destinations – calculations
A2: Approximate (~) source values flagged with 1. Solapur Bhiwandi estimate (7h 59m, 401 km) from later Google Maps screenshot; Kolhapur estimate (3h 46m, 237 km) from source report.
A4: Destination | B4: Bhiwandi h | C4: Bhiwandi m | D4: Bhiwandi approx? (1=yes) | E4: Kolhapur h | F4: Kolhapur m | G4: Kolhapur approx? (1=yes) | H4: Bhiwandi (min) | I4: Kolhapur (min) | J4: Time saved (min) | K4: Time saved (h m) | L4: Reduction (%) | M4: Rank (by %) | N4: Preferred hub | O4: Data confidence flag
A5: Satara | B5: 5 | C5: 18 | D5: 0 | E5: 2 | F5: 8 | G5: 0 | H5: =B5*60+C5 -> 318 | I5: =E5*60+F5 -> 128 | J5: =H5-I5 -> 190 | K5: =INT(J5/60)&"h "&TEXT(MOD(J5,60),"00")&"m" -> 3h 10m | L5: =J5/H5 -> 0.59748428 | M5: =RANK(L5,$L$5:$L$12) -> 4 | N5: =IF(J5>0,"Kolhapur","Bhiwandi") -> Kolhapur | O5: =IF(D5+G5=0,"Source-recorded (exact)",IF(D5+G5=2,"Approximate – both estimates","Approximate – one estimate")) -> Source-recorded (exact)
A6: Sangli | B6: 7 | C6: 32 | D6: 0 | E6: 1 | F6: 0 | G6: 0 | H6: =B6*60+C6 -> 452 | I6: =E6*60+F6 -> 60 | J6: =H6-I6 -> 392 | K6: =INT(J6/60)&"h "&TEXT(MOD(J6,60),"00")&"m" -> 6h 32m | L6: =J6/H6 -> 0.86725664 | M6: =RANK(L6,$L$5:$L$12) -> 1 | N6: =IF(J6>0,"Kolhapur","Bhiwandi") -> Kolhapur | O6: =IF(D6+G6=0,"Source-recorded (exact)",IF(D6+G6=2,"Approximate – both estimates","Approximate – one estimate")) -> Source-recorded (exact)
A7: Karad | B7: 6 | C7: 16 | D7: 0 | E7: 1 | F7: 5 | G7: 0 | H7: =B7*60+C7 -> 376 | I7: =E7*60+F7 -> 65 | J7: =H7-I7 -> 311 | K7: =INT(J7/60)&"h "&TEXT(MOD(J7,60),"00")&"m" -> 5h 11m | L7: =J7/H7 -> 0.82712766 | M7: =RANK(L7,$L$5:$L$12) -> 2 | N7: =IF(J7>0,"Kolhapur","Bhiwandi") -> Kolhapur | O7: =IF(D7+G7=0,"Source-recorded (exact)",IF(D7+G7=2,"Approximate – both estimates","Approximate – one estimate")) -> Source-recorded (exact)
A8: Latur | B8: 8 | C8: 48 | D8: 0 | E8: 5 | F8: 46 | G8: 0 | H8: =B8*60+C8 -> 528 | I8: =E8*60+F8 -> 346 | J8: =H8-I8 -> 182 | K8: =INT(J8/60)&"h "&TEXT(MOD(J8,60),"00")&"m" -> 3h 02m | L8: =J8/H8 -> 0.34469697 | M8: =RANK(L8,$L$5:$L$12) -> 8 | N8: =IF(J8>0,"Kolhapur","Bhiwandi") -> Kolhapur | O8: =IF(D8+G8=0,"Source-recorded (exact)",IF(D8+G8=2,"Approximate – both estimates","Approximate – one estimate")) -> Source-recorded (exact)
A9: Sindhudurg | B9: 9 | C9: 25 | D9: 0 | E9: 3 | F9: 0 | G9: 1 | H9: =B9*60+C9 -> 565 | I9: =E9*60+F9 -> 180 | J9: =H9-I9 -> 385 | K9: =INT(J9/60)&"h "&TEXT(MOD(J9,60),"00")&"m" -> 6h 25m | L9: =J9/H9 -> 0.68141593 | M9: =RANK(L9,$L$5:$L$12) -> 3 | N9: =IF(J9>0,"Kolhapur","Bhiwandi") -> Kolhapur | O9: =IF(D9+G9=0,"Source-recorded (exact)",IF(D9+G9=2,"Approximate – both estimates","Approximate – one estimate")) -> Approximate – one estimate
A10: Ratnagiri | B10: 7 | C10: 0 | D10: 1 | E10: 3 | F10: 0 | G10: 1 | H10: =B10*60+C10 -> 420 | I10: =E10*60+F10 -> 180 | J10: =H10-I10 -> 240 | K10: =INT(J10/60)&"h "&TEXT(MOD(J10,60),"00")&"m" -> 4h 00m | L10: =J10/H10 -> 0.57142857 | M10: =RANK(L10,$L$5:$L$12) -> 5 | N10: =IF(J10>0,"Kolhapur","Bhiwandi") -> Kolhapur | O10: =IF(D10+G10=0,"Source-recorded (exact)",IF(D10+G10=2,"Approximate – both estimates","Approximate – one estimate")) -> Approximate – both estimates
A11: Dharashiv | B11: 8 | C11: 0 | D11: 1 | E11: 5 | F11: 0 | G11: 1 | H11: =B11*60+C11 -> 480 | I11: =E11*60+F11 -> 300 | J11: =H11-I11 -> 180 | K11: =INT(J11/60)&"h "&TEXT(MOD(J11,60),"00")&"m" -> 3h 00m | L11: =J11/H11 -> 0.375 | M11: =RANK(L11,$L$5:$L$12) -> 7 | N11: =IF(J11>0,"Kolhapur","Bhiwandi") -> Kolhapur | O11: =IF(D11+G11=0,"Source-recorded (exact)",IF(D11+G11=2,"Approximate – both estimates","Approximate – one estimate")) -> Approximate – both estimates
A12: Solapur | B12: 7 | C12: 59 | D12: 0 | E12: 3 | F12: 46 | G12: 0 | H12: =B12*60+C12 -> 479 | I12: =E12*60+F12 -> 226 | J12: =H12-I12 -> 253 | K12: =INT(J12/60)&"h "&TEXT(MOD(J12,60),"00")&"m" -> 4h 13m | L12: =J12/H12 -> 0.52818372 | M12: =RANK(L12,$L$5:$L$12) -> 6 | N12: =IF(J12>0,"Kolhapur","Bhiwandi") -> Kolhapur | O12: =IF(D12+G12=0,"Source-recorded (exact)",IF(D12+G12=2,"Approximate – both estimates","Approximate – one estimate")) -> Source-recorded (exact)
A13: Total (8 comparisons) | H13: =SUM(H5:H12) -> 3618 | I13: =SUM(I5:I12) -> 1485 | J13: =SUM(J5:J12) -> 2133 | K13: =INT(J13/60)&"h "&TEXT(MOD(J13,60),"00")&"m" -> 35h 33m | L13: =J13/H13 -> 0.58955224
A15: Nanded: similar estimated driving times (~9h from both hubs per source report); flagged for operational validation, not scored here as a transit-time improvement.

Sheet Aggregates
A1: Aggregate illustrative comparisons
A2: Aggregate reduction = (Σ baseline − Σ proposed) ÷ Σ baseline. Unweighted: not shipment-volume or frequency weighted.
A4: Category | B4: Baseline (min) | C4: Proposed (min) | D4: Time saved (min) | E4: Baseline (h m) | F4: Proposed (h m) | G4: Saved (h m) | H4: Reduction (%) | I4: Briefing figure (%) | J4: Difference (pp)
A5: Primary routes (3) | B5: =Primary_Routes!H8 -> 3174 | C5: =Primary_Routes!I8 -> 2154 | D5: =B5-C5 -> 1020 | E5: =INT(B5/60)&"h "&TEXT(MOD(B5,60),"00")&"m" -> 52h 54m | F5: =INT(C5/60)&"h "&TEXT(MOD(C5,60),"00")&"m" -> 35h 54m | G5: =INT(D5/60)&"h "&TEXT(MOD(D5,60),"00")&"m" -> 17h 00m | H5: =D5/B5 -> 0.32136106 | I5: 0.3214 | J5: =(H5-I5)*100 -> -0.0038941399
A6: Selected secondary destinations (8) | B6: =Secondary_Routes!H13 -> 3618 | C6: =Secondary_Routes!I13 -> 1485 | D6: =B6-C6 -> 2133 | E6: =INT(B6/60)&"h "&TEXT(MOD(B6,60),"00")&"m" -> 60h 18m | F6: =INT(C6/60)&"h "&TEXT(MOD(C6,60),"00")&"m" -> 24h 45m | G6: =INT(D6/60)&"h "&TEXT(MOD(D6,60),"00")&"m" -> 35h 33m | H6: =D6/B6 -> 0.58955224 | I6: 0.6332 | J6: =(H6-I6)*100 -> -4.3647761
A7: Combined illustrative comparisons (11) | B7: =B5+B6 -> 6792 | C7: =C5+C6 -> 3639 | D7: =B7-C7 -> 3153 | E7: =INT(B7/60)&"h "&TEXT(MOD(B7,60),"00")&"m" -> 113h 12m | F7: =INT(C7/60)&"h "&TEXT(MOD(C7,60),"00")&"m" -> 60h 39m | G7: =INT(D7/60)&"h "&TEXT(MOD(D7,60),"00")&"m" -> 52h 33m | H7: =D7/B7 -> 0.46422261 | I7: 0.482 | J7: =(H7-I7)*100 -> -1.7777385
A9: Briefing figure (blue) is the value stated in the project brief. Only the primary figure reconciles; secondary and combined baseline/proposed totals do not (see Data_Notes). Time saved matches the brief in all three rows.

Sheet Scenarios
A1: Planning scenarios – illustrative only
A2: 30%, 35% and 40% are analyst-selected scenarios, not observed outcomes or statistically validated confidence bounds.
A4: Combined baseline (min) | B4: =Aggregates!B7 -> 6792
A6: Scenario | B6: Assumed reduction (%) | C6: Illustrative time saved (min) | D6: Illustrative time saved (h m) | E6: Illustrative proposed (h m) | F6: Basis
A7: Conservative | B7: 0.3 | C7: =$B$4*B7 -> 2037.6 | D7: =INT(C7/60)&"h "&TEXT(MOD(C7,60),"00")&"m" -> 33h 58m | E7: =INT(($B$4-C7)/60)&"h "&TEXT(MOD(($B$4-C7),60),"00")&"m" -> 79h 14m | F7: Analyst-selected planning assumption
A8: Moderate | B8: 0.35 | C8: =$B$4*B8 -> 2377.2 | D8: =INT(C8/60)&"h "&TEXT(MOD(C8,60),"00")&"m" -> 39h 37m | E8: =INT(($B$4-C8)/60)&"h "&TEXT(MOD(($B$4-C8),60),"00")&"m" -> 73h 35m | F8: Analyst-selected planning assumption
A9: Upper planning hypothesis | B9: 0.4 | C9: =$B$4*B9 -> 2716.8 | D9: =INT(C9/60)&"h "&TEXT(MOD(C9,60),"00")&"m" -> 45h 17m | E9: =INT(($B$4-C9)/60)&"h "&TEXT(MOD(($B$4-C9),60),"00")&"m" -> 67h 55m | F9: Analyst-selected; upper end of 30–40% discussion range
A10: Route-estimate case | B10: =Aggregates!H7 -> 0.46422261 | C10: =$B$4*B10 -> 3153 | D10: =INT(C10/60)&"h "&TEXT(MOD(C10,60),"00")&"m" -> 52h 33m | E10: =INT(($B$4-C10)/60)&"h "&TEXT(MOD(($B$4-C10),60),"00")&"m" -> 60h 39m | F10: Calculated from current route estimates (corrected arithmetic)
A12: Hours shown apply each % to the summed combined route-comparison baseline; they are not forecasts of shipment lead-time reduction.

Sheet Data_Notes
A1: Data-quality and reconciliation notes
A3: 1. Secondary totals | B3: Briefing: baseline 56h 05m, proposed 20h 32m, reduction 63.32%. Recalculated from the eight route rows: baseline 60h 18m (3,618 min), proposed 24h 45m (1,485 min). Time saved 35h 33m (2,133 min) agrees. Correct reduction = 58.96%.
A4: 2. Combined totals | B4: Briefing: 108h 59m / 56h 26m / 48.20%. Recalculated: 113h 12m (6,792 min) / 60h 39m (3,639 min) / 46.42%. Time saved 52h 33m agrees. The 48.20% figure is superseded by 46.42%.
A5: 3. Chennai–Kolhapur time | B5: Working value 20h 09m kept. Source report marks it provisional and an online check indicated roughly 13.7–17h. Conflict preserved, not reconciled.
A6: 4. Solapur | B6: Bhiwandi 7h 59m (401 km) from later Google Maps screenshot; Kolhapur 3h 46m (237 km) from source report. Source report held Solapur as pending; final like-for-like validation advisable.
A7: 5. Nanded | B7: Similar estimated times (~9h both hubs). Flagged for operational validation; not claimed as an improvement.
A8: 6. Approximations | B8: Sindhudurg (Kolhapur ~3h), Ratnagiri (both ~7h / ~3h), Dharashiv (both ~8h / ~5h) are approximate in source. Flags preserved.
A9: 7. Source distances (km) | B9: Source report distances, not used in time calculations: Goa 600/223, Chennai 1,338/937, Bengaluru 1,002/631 (Bhiwandi/Kolhapur). Source totals 2,940 km vs 1,791 km (39.1%) are one-way distance comparisons and are a different measure.
